Mutation, mCSM, SDM,DUET,DynaMut2,DDGun,SAAFEC
C30R,Stabilizing,No Effect,Stabilizing,Stabilizing,Stabilizing,Destabilizing
L32P,Destabilizing,Destabilizing,Destabilizing,Destabilizing,Destabilizing,Destabilizing
M33I,Destabilizing,Stabilizing,Destabilizing,Destabilizing,Destabilizing,Destabilizing
D38G,Destabilizing,Destabilizing,Destabilizing,Destabilizing,Destabilizing,Destabilizing
D38N,Destabilizing,Stabilizing,Destabilizing,Destabilizing,Destabilizing,Destabilizing
D38E,Destabilizing,Destabilizing,Destabilizing,Stabilizing,Destabilizing,Destabilizing
A39D,Destabilizing,Destabilizing,Destabilizing,Destabilizing,Destabilizing,Destabilizing
V40I,Destabilizing,Stabilizing,Destabilizing,Destabilizing,Destabilizing,Destabilizing
R41Q,Destabilizing,Destabilizing,Destabilizing,Destabilizing,Destabilizing,Destabilizing
S43N,Destabilizing,Stabilizing,Stabilizing,Stabilizing,Destabilizing,Destabilizing
P44S,Destabilizing,Stabilizing,Destabilizing,Destabilizing,Destabilizing,Destabilizing
A45S,Destabilizing,Destabilizing,Destabilizing,Destabilizing,Destabilizing,Destabilizing
A45T,Destabilizing,Destabilizing,Destabilizing,Destabilizing,Destabilizing,Destabilizing
V48S,Destabilizing,Destabilizing,Destabilizing,Destabilizing,Destabilizing,Destabilizing
V48M,Destabilizing,Destabilizing,Destabilizing,Destabilizing,Destabilizing,Destabilizing
V50G,Destabilizing,Destabilizing,Destabilizing,Destabilizing,Destabilizing,Destabilizing
V50A,Destabilizing,Destabilizing,Destabilizing,Destabilizing,Destabilizing,Destabilizing
V50M,Destabilizing,Destabilizing,Destabilizing,Destabilizing,Destabilizing,Destabilizing
V50L,Destabilizing,Destabilizing,Destabilizing,Destabilizing,Destabilizing,Destabilizing
V52G,Destabilizing,Destabilizing,Destabilizing,Destabilizing,Destabilizing,Destabilizing
V52A,Destabilizing,Destabilizing,Destabilizing,Destabilizing,Destabilizing,Destabilizing
F53C,Destabilizing,Stabilizing,Destabilizing,Destabilizing,Destabilizing,Destabilizing
F53L,Destabilizing,Stabilizing,Destabilizing,Destabilizing,Destabilizing,Destabilizing
F53V,Destabilizing,Stabilizing,Destabilizing,Destabilizing,Destabilizing,Destabilizing
F53I,Destabilizing,Stabilizing,Destabilizing,Destabilizing,Destabilizing,Destabilizing
R54G,Destabilizing,Stabilizing,Destabilizing,Destabilizing,Destabilizing,Destabilizing
R54T,Destabilizing,Destabilizing,Destabilizing,Destabilizing,Destabilizing,Destabilizing
K55T,Destabilizing,Stabilizing,Destabilizing,Destabilizing,Stabilizing,Destabilizing
K55N,Destabilizing,Destabilizing,Destabilizing,Destabilizing,Stabilizing,No Effect
A56D,Destabilizing,Destabilizing,Destabilizing,Destabilizing,Stabilizing,Destabilizing
A56P,Destabilizing,Destabilizing,Destabilizing,Destabilizing,Destabilizing,Destabilizing
D58V,Stabilizing,Destabilizing,Stabilizing,Destabilizing,Destabilizing,Stabilizing
D58A,Stabilizing,Destabilizing,Stabilizing,Destabilizing,Destabilizing,No Effect
D59V,Stabilizing,Stabilizing,Stabilizing,Destabilizing,No Effect,Stabilizing
W61L,Destabilizing,Destabilizing,Destabilizing,Destabilizing,Destabilizing,Destabilizing
E62G,Destabilizing,Stabilizing,Destabilizing,Destabilizing,Destabilizing,Destabilizing
E62D,Destabilizing,Destabilizing,Destabilizing,Destabilizing,Destabilizing,Destabilizing
F64S,Destabilizing,Destabilizing,Destabilizing,Destabilizing,Destabilizing,Destabilizing
F64L,Destabilizing,Destabilizing,Destabilizing,Destabilizing,Stabilizing,Destabilizing
F64Y,Destabilizing,Destabilizing,Destabilizing,No Effect,Destabilizing,Destabilizing
A65S,Destabilizing,Destabilizing,Destabilizing,Destabilizing,Destabilizing,Destabilizing
A65D,Destabilizing,Destabilizing,Destabilizing,Destabilizing,Destabilizing,Destabilizing
A65T,Destabilizing,Destabilizing,Destabilizing,Destabilizing,Destabilizing,Destabilizing
A65G,Destabilizing,Stabilizing,Destabilizing,Destabilizing,Destabilizing,Destabilizing
G67E,Destabilizing,Destabilizing,Destabilizing,Destabilizing,Destabilizing,Destabilizing
G67R,Destabilizing,Destabilizing,Destabilizing,Destabilizing,Stabilizing,Destabilizing
G67A,Destabilizing,Destabilizing,Destabilizing,Destabilizing,Stabilizing,Destabilizing
G67V,Destabilizing,Stabilizing,Stabilizing,Destabilizing,Stabilizing,Destabilizing
T69S,Destabilizing,Destabilizing,Destabilizing,Destabilizing,Destabilizing,Destabilizing
T69P,Destabilizing,Destabilizing,Destabilizing,Destabilizing,Destabilizing,Destabilizing
T69A,Destabilizing,Stabilizing,Destabilizing,Destabilizing,Destabilizing,Destabilizing
T69I,Destabilizing,Stabilizing,Stabilizing,Destabilizing,Destabilizing,Destabilizing
S70I,Destabilizing,Stabilizing,Stabilizing,Destabilizing,Destabilizing,Destabilizing
S70R,Destabilizing,Stabilizing,Destabilizing,Stabilizing,Stabilizing,Destabilizing
E71G,Destabilizing,Destabilizing,Destabilizing,Stabilizing,Destabilizing,Destabilizing
S72P,Destabilizing,Destabilizing,Destabilizing,Destabilizing,Destabilizing,Destabilizing
G73E,Destabilizing,Destabilizing,Destabilizing,Destabilizing,Destabilizing,Destabilizing
G73R,Destabilizing,Destabilizing,Destabilizing,Destabilizing,Destabilizing,Destabilizing
G73A,Destabilizing,Destabilizing,Destabilizing,Destabilizing,Destabilizing,Destabilizing
E74D,Destabilizing,Destabilizing,Destabilizing,Destabilizing,Destabilizing,Destabilizing
E74K,Destabilizing,Destabilizing,Destabilizing,Destabilizing,Stabilizing,Destabilizing
E74Q,Destabilizing,Destabilizing,Destabilizing,Destabilizing,Stabilizing,Destabilizing
E74G,Destabilizing,Stabilizing,Destabilizing,No Effect,Destabilizing,Destabilizing
E74L,Stabilizing,Stabilizing,Stabilizing,Stabilizing,Stabilizing,Destabilizing
L75P,Destabilizing,Destabilizing,Destabilizing,Destabilizing,Destabilizing,Destabilizing
L75Q,Destabilizing,Destabilizing,Destabilizing,Destabilizing,Destabilizing,Destabilizing
L75R,Destabilizing,Destabilizing,Destabilizing,Destabilizing,Destabilizing,Destabilizing
H76R,Destabilizing,Destabilizing,Stabilizing,Stabilizing,Stabilizing,Destabilizing
G77R,Destabilizing,Destabilizing,Destabilizing,Destabilizing,Stabilizing,Destabilizing
L78R,Destabilizing,Destabilizing,Destabilizing,Stabilizing,Destabilizing,Destabilizing
L78H,Destabilizing,Destabilizing,Destabilizing,Destabilizing,Destabilizing,Destabilizing
T79K,Destabilizing,Destabilizing,Destabilizing,Destabilizing,Destabilizing,Destabilizing
T79R,Destabilizing,Destabilizing,Destabilizing,Destabilizing,No Effect,Destabilizing
T80A,Destabilizing,Destabilizing,Destabilizing,Stabilizing,Destabilizing,Destabilizing
E81G,Destabilizing,Destabilizing,Destabilizing,Destabilizing,Stabilizing,Destabilizing
E81K,Destabilizing,Destabilizing,Stabilizing,Stabilizing,No Effect,Destabilizing
E82K,Stabilizing,Destabilizing,Stabilizing,Stabilizing,Destabilizing,Destabilizing
F84S,Destabilizing,Destabilizing,Destabilizing,Destabilizing,Destabilizing,Destabilizing
F84I,Destabilizing,Destabilizing,Destabilizing,Stabilizing,Destabilizing,Destabilizing
F84L,Destabilizing,Destabilizing,Destabilizing,Stabilizing,Stabilizing,Destabilizing
G87R,Destabilizing,Destabilizing,Destabilizing,Destabilizing,Destabilizing,Destabilizing
G87E,Destabilizing,Destabilizing,Destabilizing,Destabilizing,Destabilizing,Destabilizing
I88L,Destabilizing,Destabilizing,Destabilizing,Destabilizing,Destabilizing,Destabilizing
Y89H,Destabilizing,Destabilizing,Destabilizing,Destabilizing,Destabilizing,Destabilizing
Y89I,Destabilizing,Stabilizing,Destabilizing,Destabilizing,Destabilizing,Destabilizing
K90N,Destabilizing,Destabilizing,Destabilizing,Destabilizing,Destabilizing,Destabilizing
V91A,Destabilizing,Destabilizing,Destabilizing,Destabilizing,Destabilizing,Destabilizing
E92G,Destabilizing,Stabilizing,Destabilizing,Destabilizing,Destabilizing,Destabilizing
I93V,Destabilizing,Destabilizing,Destabilizing,Destabilizing,Destabilizing,Destabilizing
D94H,Destabilizing,Stabilizing,Destabilizing,Destabilizing,Stabilizing,Destabilizing
S97Y,Destabilizing,Stabilizing,Destabilizing,Destabilizing,Stabilizing,Destabilizing
S97F,Destabilizing,Stabilizing,Destabilizing,Destabilizing,Stabilizing,Destabilizing
Y98F,Destabilizing,Destabilizing,Destabilizing,Destabilizing,Destabilizing,Destabilizing
A101T,Destabilizing,Destabilizing,Destabilizing,Stabilizing,No Effect,Destabilizing
A101V,Destabilizing,Destabilizing,Destabilizing,Destabilizing,No Effect,Destabilizing
G103R,Destabilizing,Destabilizing,Destabilizing,Destabilizing,Destabilizing,Destabilizing
I104S,Destabilizing,Destabilizing,Destabilizing,Destabilizing,Destabilizing,Destabilizing
I104N,Destabilizing,Destabilizing,Destabilizing,Destabilizing,Destabilizing,Destabilizing
I104T,Destabilizing,Destabilizing,Destabilizing,Destabilizing,Destabilizing,Destabilizing
H108R,Destabilizing,Destabilizing,Destabilizing,Destabilizing,Destabilizing,Destabilizing
E109Q,Destabilizing,Destabilizing,Destabilizing,Destabilizing,Stabilizing,Destabilizing
E109K,No Effect,Destabilizing,Stabilizing,Stabilizing,Destabilizing,Destabilizing
H110N,Destabilizing,Destabilizing,Destabilizing,Stabilizing,Destabilizing,Destabilizing
H110D,Destabilizing,Destabilizing,Destabilizing,Stabilizing,Destabilizing,Destabilizing
A111S,Destabilizing,Destabilizing,Destabilizing,Destabilizing,Destabilizing,Destabilizing
E112K,Destabilizing,Destabilizing,Destabilizing,Destabilizing,Destabilizing,Destabilizing
V113M,Destabilizing,Destabilizing,Destabilizing,Destabilizing,Destabilizing,Destabilizing
V114A,Destabilizing,Destabilizing,Destabilizing,Destabilizing,Destabilizing,Destabilizing
A117S,Destabilizing,Destabilizing,Destabilizing,Destabilizing,Destabilizing,Destabilizing
A117G,Destabilizing,Destabilizing,Destabilizing,Destabilizing,Destabilizing,Destabilizing
G121S,Destabilizing,Destabilizing,Destabilizing,Destabilizing,Stabilizing,Destabilizing
P122R,Destabilizing,Stabilizing,Stabilizing,Stabilizing,Stabilizing,Destabilizing
R123S,Destabilizing,Destabilizing,Destabilizing,Destabilizing,Destabilizing,Destabilizing
R124H,Destabilizing,Stabilizing,Destabilizing,Destabilizing,Stabilizing,Destabilizing
R124C,Destabilizing,Destabilizing,Destabilizing,Stabilizing,Destabilizing,Destabilizing
I127V,Destabilizing,Destabilizing,Destabilizing,Destabilizing,Stabilizing,Destabilizing
I127M,Destabilizing,Destabilizing,Destabilizing,Destabilizing,Destabilizing,Destabilizing
I127F,Destabilizing,Destabilizing,Destabilizing,Destabilizing,Destabilizing,Destabilizing
A129S,Destabilizing,Destabilizing,Destabilizing,Destabilizing,Destabilizing,Destabilizing
A129T,Destabilizing,Destabilizing,Destabilizing,Destabilizing,Destabilizing,Destabilizing
A129V,Destabilizing,Stabilizing,Stabilizing,Stabilizing,Stabilizing,Destabilizing
L131M,Destabilizing,Destabilizing,Destabilizing,Stabilizing,Destabilizing,Destabilizing
S132I,Stabilizing,Stabilizing,Stabilizing,Stabilizing,Destabilizing,Destabilizing
P133T,Destabilizing,Stabilizing,Destabilizing,Destabilizing,Destabilizing,Destabilizing
Y134H,Destabilizing,Stabilizing,Stabilizing,Stabilizing,Destabilizing,Destabilizing
Y134C,Destabilizing,Stabilizing,Destabilizing,Stabilizing,Destabilizing,Destabilizing
Y134S,Destabilizing,Destabilizing,Destabilizing,Destabilizing,Destabilizing,Destabilizing
Y136S,Destabilizing,Destabilizing,Destabilizing,Stabilizing,Destabilizing,Destabilizing
T139M,Stabilizing,Destabilizing,Stabilizing,Stabilizing,Stabilizing,Destabilizing
A140S,Destabilizing,Destabilizing,Destabilizing,Stabilizing,Destabilizing,Destabilizing
V142A,Destabilizing,Destabilizing,Destabilizing,Destabilizing,Destabilizing,Destabilizing
V142I,Destabilizing,Destabilizing,Destabilizing,Destabilizing,No Effect,Destabilizing
P145S,Destabilizing,No Effect,Destabilizing,Destabilizing,No Effect,Destabilizing
